[{"@type":"mappingTemplate","id":"@1","name":"Mapping_RESTV2","description":"","autoExpireObject":false,"bundleVersion":"0","assetFrsGuid":"6EiUAL9kAwnlqaRXBrMRC3","templateId":"@3","hasParameters":false,"valid":true,"fixedConnection":true,"hasParametersDeployed":false,"fixedConnectionDeployed":false,"isSchemaValidationEnabled":false,"tasks":0,"mappingPreviewFileRecordId":"@2","documentType":"MAPPING","allowMaxFieldLength":false,"specialCharacterSupport":false,"references":[{"@type":"reference","refObjectId":"@jORJ3WAvb05fP3l0btxWML","refType":"connection"},{"@type":"reference","refObjectId":"@0JFKIW9VGO8dYQQX9WcBMO","refType":"connection"}]}]